{
  "test_results": {
    "blocking": {
      "1": {
        "response_times": [
          0.0011312999995425344
        ],
        "successful_connections": 1,
        "failed_connections": 0,
        "total_time": 0.10174449998885393
      },
      "3": {
        "response_times": [
          0.012479300028644502,
          0.023394900024868548,
          0.025150800007395446
        ],
        "successful_connections": 3,
        "failed_connections": 0,
        "total_time": 0.36239640007261187
      },
      "5": {
        "response_times": [
          0.022667399956844747,
          0.02277390006929636,
          0.025014799903146923,
          0.0004735999973490834,
          0.016620100010186434
        ],
        "successful_connections": 5,
        "failed_connections": 0,
        "total_time": 0.5898846000200137
      },
      "8": {
        "response_times": [
          0.017621199949644506,
          0.024258899968117476,
          0.023229499929584563,
          0.02474429993890226,
          0.02386000007390976,
          0.023077000048942864,
          0.02293349988758564,
          0.0222461000084877
        ],
        "successful_connections": 8,
        "failed_connections": 0,
        "total_time": 0.9867662000469863
      },
      "10": {
        "response_times": [
          0.00037889997474849224,
          0.025521400035358965,
          0.023598700063303113,
          0.014620499918237329,
          0.02411759993992746,
          0.025149199995212257,
          0.023426300031132996,
          0.023367099929600954,
          0.022596499999053776,
          0.022790900082327425
        ],
        "successful_connections": 10,
        "failed_connections": 0,
        "total_time": 1.2115572999464348
      },
      "15": {
        "response_times": [
          0.01581749995239079,
          0.02377079997677356,
          0.02498109999578446,
          0.021723000099882483,
          0.02259439998306334,
          0.023951099952682853,
          0.023255600011907518,
          0.02321639994625002,
          0.022662799921818078,
          0.022141600027680397,
          0.023995600058697164,
          0.023675600066781044,
          0.0005827000131830573,
          0.018631499959155917,
          0.02504650002811104
        ],
        "successful_connections": 15,
        "failed_connections": 0,
        "total_time": 1.8240994999650866
      },
      "20": {
        "response_times": [
          0.019172600004822016,
          0.0005735000595450401,
          0.016426100046373904,
          0.02311159996315837,
          0.0264350000070408,
          0.0010933000594377518,
          0.02586129994597286,
          0.022849499946460128,
          0.024234000011347234,
          0.025682899984531105,
          0.02342869993299246,
          0.025180199998430908,
          0.024113599909469485,
          0.02344630006700754,
          0.023286100011318922,
          0.022888800012879074,
          0.0004651000490412116,
          0.015026999986730516,
          0.02400810003746301,
          0.023367000045254827
        ],
        "successful_connections": 20,
        "failed_connections": 0,
        "total_time": 2.403830699971877
      }
    },
    "async": {
      "1": {
        "response_times": [
          0.0005189999938011169
        ],
        "successful_connections": 1,
        "failed_connections": 0,
        "total_time": 0.0013487000251188874
      },
      "3": {
        "response_times": [
          0.0007368000224232674,
          0.0021003999281674623,
          0.003117099986411631
        ],
        "successful_connections": 3,
        "failed_connections": 0,
        "total_time": 0.005224999971687794
      },
      "5": {
        "response_times": [
          0.0005275000585243106,
          0.0015414999797940254,
          0.0023041999666020274,
          0.002876600017771125,
          0.0033252000575885177
        ],
        "successful_connections": 5,
        "failed_connections": 0,
        "total_time": 0.004744500038214028
      },
      "8": {
        "response_times": [
          0.0003367000026628375,
          0.0011372999288141727,
          0.0018811998888850212,
          0.0025106000248342752,
          0.0029619000852108,
          0.0034278000239282846,
          0.0037822999292984605,
          0.004131800029426813
        ],
        "successful_connections": 8,
        "failed_connections": 0,
        "total_time": 0.006134300027042627
      },
      "10": {
        "response_times": [
          0.0002595999976620078,
          0.0005960999988019466,
          0.0010494000744074583,
          0.0014989000046625733,
          0.0017966999439522624,
          0.002179899951443076,
          0.0024640000192448497,
          0.002877200022339821,
          0.003263699938543141,
          0.0037357999244704843
        ],
        "successful_connections": 10,
        "failed_connections": 0,
        "total_time": 0.005705999908968806
      },
      "15": {
        "response_times": [
          0.00034719996619969606,
          0.0009379999246448278,
          0.0014699000166729093,
          0.0019148000283166766,
          0.002394299954175949,
          0.002977499971166253,
          0.0033726999536156654,
          0.0037751999916508794,
          0.004302100045606494,
          0.004632900003343821,
          0.0049458000576123595,
          0.005254399962723255,
          0.005571999936364591,
          0.00586730008944869,
          0.006141700083389878
        ],
        "successful_connections": 15,
        "failed_connections": 0,
        "total_time": 0.008700500009581447
      },
      "20": {
        "response_times": [
          0.0005637999856844544,
          0.0011451999889686704,
          0.001738599967211485,
          0.0023466000566259027,
          0.002702499972656369,
          0.0030889000045135617,
          0.003563600010238588,
          0.0038614999502897263,
          0.004319299943745136,
          0.004718999960459769,
          0.005103999981656671,
          0.005600800039246678,
          0.005969999940134585,
          0.006399199948646128,
          0.006800699979066849,
          0.00750000006519258,
          0.008140299934893847,
          0.008565000025555491,
          0.008893499965779483,
          0.009284300031140447
        ],
        "successful_connections": 20,
        "failed_connections": 0,
        "total_time": 0.013063799939118326
      }
    }
  },
  "analysis": {
    "summary": {
      "1": {
        "blocking_avg_response": 0.0011312999995425344,
        "async_avg_response": 0.0005189999938011169,
        "performance_improvement": 54.12357517802653,
        "blocking_success_rate": 1.0,
        "async_success_rate": 1.0
      },
      "3": {
        "blocking_avg_response": 0.0203416666869695,
        "async_avg_response": 0.0019847666456674538,
        "performance_improvement": 90.24285140342577,
        "blocking_success_rate": 1.0,
        "async_success_rate": 1.0
      },
      "5": {
        "blocking_avg_response": 0.01750995998736471,
        "async_avg_response": 0.0021150000160560013,
        "performance_improvement": 87.92116019921122,
        "blocking_success_rate": 1.0,
        "async_success_rate": 1.0
      },
      "8": {
        "blocking_avg_response": 0.022746312475646846,
        "async_avg_response": 0.002521199989132583,
        "performance_improvement": 88.91600565220456,
        "blocking_success_rate": 1.0,
        "async_success_rate": 1.0
      },
      "10": {
        "blocking_avg_response": 0.020556709996890278,
        "async_avg_response": 0.001972129987552762,
        "performance_improvement": 90.40639291087389,
        "blocking_success_rate": 1.0,
        "async_success_rate": 1.0
      },
      "15": {
        "blocking_avg_response": 0.021069746666277447,
        "async_avg_response": 0.003593719998995463,
        "performance_improvement": 82.94369621089331,
        "blocking_success_rate": 1.0,