{
  "test_results": {
    "blocking": {
      "1": {
        "response_times": [
          0.0011078000534325838
        ],
        "successful_connections": 1,
        "failed_connections": 0,
        "total_time": 0.10204719996545464
      },
      "3": {
        "response_times": [
          0.017110200016759336,
          0.0234257000265643,
          0.02305700001306832
        ],
        "successful_connections": 3,
        "failed_connections": 0,
        "total_time": 0.36533599998801947
      },
      "5": {
        "response_times": [
          0.021514100022614002,
          0.0008435999043285847,
          0.01590370002668351,
          0.026177800027653575,
          0.021134299924597144
        ],
        "successful_connections": 5,
        "failed_connections": 0,
        "total_time": 0.5883610000601038
      },
      "8": {
        "response_times": [
          0.013121499912813306,
          0.0006393999792635441,
          0.013868399895727634,
          0.023304899921640754,
          0.025482800090685487,
          0.023064700071699917,
          0.0008123000152409077,
          0.0009491000091657043
        ],
        "successful_connections": 8,
        "failed_connections": 0,
        "total_time": 0.9070164000149816
      },
      "10": {
        "response_times": [
          0.023044200032018125,
          0.025915200007148087,
          0.023506700061261654,
          0.02061680005863309,
          0.02561839995905757,
          0.025072699994780123,
          0.023186300066299736,
          0.024457600084133446,
          0.024517799960449338,
          0.022470199968665838
        ],
        "successful_connections": 10,
        "failed_connections": 0,
        "total_time": 1.2454484000336379
      },
      "15": {
        "response_times": [
          0.001082699978724122,
          0.021719699958339334,
          0.024429099983535707,
          0.023596600047312677,
          0.02327599993441254,
          0.0029715000418946147,
          0.013896699994802475,
          0.02317990001756698,
          0.023389299982227385,
          0.02240190003067255,
          0.024257799959741533,
          0.024245599983260036,
          0.00042810000013560057,
          0.014805899932980537,
          0.0014178999699652195
        ],
        "successful_connections": 15,
        "failed_connections": 0,
        "total_time": 1.7540307000745088
      },
      "20": {
        "response_times": [
          0.0007502000080421567,
          0.0006900000153109431,
          0.024799800012260675,
          0.02170669997576624,
          0.022284300066530704,
          0.02421980001963675,
          0.024879600037820637,
          0.011957900016568601,
          0.0007734999526292086,
          0.013927899999544024,
          0.023857500054873526,
          0.023567299940623343,
          0.023109099944122136,
          0.000678099924698472,
          0.01530349999666214,
          0.0006546000950038433,
          0.015368100022897124,
          0.024927000049501657,
          0.023407400003634393,
          0.024175699916668236
        ],
        "successful_connections": 20,
        "failed_connections": 0,
        "total_time": 2.332682800013572
      }
    },
    "async": {
      "1": {
        "response_times": [
          0.0032148000318557024
        ],
        "successful_connections": 1,
        "failed_connections": 0,
        "total_time": 0.0038796999724581838
      },
      "3": {
        "response_times": [
          0.003278600051999092,
          0.0063801000360399485,
          0.009028100059367716
        ],
        "successful_connections": 3,
        "failed_connections": 0,
        "total_time": 0.01060529996175319
      },
      "5": {
        "response_times": [
          0.0036923999432474375,
          0.006604800000786781,
          0.009014599956572056,
          0.011427000048570335,
          0.018428600043989718
        ],
        "successful_connections": 5,
        "failed_connections": 0,
        "total_time": 0.019898800062946975
      },
      "8": {
        "response_times": [
          0.0018747999565675855,
          0.004360100021585822,
          0.007133200066164136,
          0.009368800092488527,
          0.014903199975378811,
          0.02341959998011589,
          0.03446840005926788,
          0.047258200007490814
        ],
        "successful_connections": 8,
        "failed_connections": 0,
        "total_time": 0.04900349990930408
      },
      "10": {
        "response_times": [
          0.00211430003400892,
          0.005725999944843352,
          0.008161500096321106,
          0.010042799985967577,
          0.01565469999331981,
          0.025275500025600195,
          0.03592060005757958,
          0.049653699970804155,
          0.08121710002887994,
          0.11275599990040064
        ],
        "successful_connections": 10,
        "failed_connections": 0,
        "total_time": 0.11608750000596046
      },
      "15": {
        "response_times": [
          0.0013977999333292246,
          0.003770100069232285,
          0.006471300031989813,
          0.008855800027959049,
          0.014501299941912293,
          0.02247610001359135,
          0.03266909997910261,
          0.04651040001772344,
          0.07557639991864562,
          0.10003249999135733,
          0.12662460003048182,
          0.1681690999539569,
          0.19347619998734444,
          0.22358519991394132,
          0.2482546999817714
        ],
        "successful_connections": 15,
        "failed_connections": 0,
        "total_time": 0.2512934999540448
      },
      "20": {
        "response_times": [
          0.00041099998634308577,
          0.0015920000150799751,
          0.00416340003721416,
          0.006224500015377998,
          0.01225869997870177,
          0.021395400050096214,
          0.03251779999118298,
          0.04571380000561476,
          0.06197570008225739,
          0.10093570000026375,
          0.12544390000402927,
          0.17118860001210123,
          0.20428870001342148,
          0.22829150001052767,
          0.258044800022617,
          0.28745790000539273,
          0.29789370007347316,
          0.31449020002037287,
          0.32609680003952235,
          0.35169089992996305
        ],
        "successful_connections": 20,
        "failed_connections": 0,
        "total_time": 0.3571259999880567
      }
    }
  },
  "analysis": {
    "summary": {
      "1": {
        "blocking_avg_response": 0.0011078000534325838,
        "async_avg_response": 0.0032148000318557024,
        "performance_improvement": -190.19677530204615,
        "blocking_success_rate": 1.0,
        "async_success_rate": 1.0
      },
      "3": {
        "blocking_avg_response": 0.02119763335213065,
        "async_avg_response": 0.006228933382468919,
        "performance_improvement": 70.6149583824044,
        "blocking_success_rate": 1.0,
        "async_success_rate": 1.0
      },
      "5": {
        "blocking_avg_response": 0.017114699981175364,
        "async_avg_response": 0.009833479998633265,
        "performance_improvement": 42.54366124180259,
        "blocking_success_rate": 1.0,
        "async_success_rate": 1.0
      },
      "8": {
        "blocking_avg_response": 0.012655387487029657,
        "async_avg_response": 0.017848287519882433,
        "performance_improvement": -41.03311762026183,
        "blocking_success_rate": 1.0,
        "async_success_rate": 1.0
      },
      "10": {
        "blocking_avg_response": 0.0238405900192447,
        "async_avg_response": 0.03465222000377253,
        "performance_improvement": -45.3496745500024,
        "blocking_success_rate": 1.0,
        "async_success_rate": 1.0
      },
      "15": {
        "blocking_avg_response": 0.016339913321038086,
        "async_avg_response": 0.08482470665282259,
        "performance_improvement": -419.12580554272864,
        "blocking_success_rate": 1.0,
        "async_success_rate": 1.0
      },